<?xml version="1.0" encoding="ISO-8859-1" ?>
<!DOCTYPE tiles-definitions PUBLIC
       "-//Apache Software Foundation//DTD Tiles Configuration 3.0//EN"
       "http://tiles.apache.org/dtds/tiles-config_3_0.dtd">

<tiles-definitions>

	<definition name="myhomepage" template="/layouts/template.jsp">
		<put-attribute name="menu" value="/layouts/menu.jsp" />
		<put-attribute name="body" value="/layouts/body.jsp" />
		<put-attribute name="footer" value="/layouts/footer.jsp" />
	</definition>
	<definition name="WILDCARD:product/*" extends="myhomepage">
		<put-attribute name="body" value="/WEB-INF/product/{1}.jsp" />
	</definition>


</tiles-definitions>